
INSERT INTO MsStaff VALUES
('ST001', 'Jenni Lee', 'Female', '2005-7-1',4500000 , '081234567890', '11 Seocho-daero 74-gil, Seocho-gu, Seoul'),
('ST002', 'Sarah Setyaningtyas', 'Female', '2000-8-3', 5000000 , '0812349567', 'Yeoksam-dong, Gangnam-gu, Seoul'),
('ST003', 'Akmal Miller', 'Male', '2003-7-25', 520000, '081236945687', '623-2 Yeoksam-dong, Gangnam-gu, Seoul'),
('ST004', 'Khalid Anderson', 'Male', '2003-7-19', 4800000, '084695214578', '800-25 Yeoksam-dong, Gangnam-gu, Seoul'),
('ST005', 'Olivia Aura', 'Female', '2001-4-9', 5000000, '081236985478', '207-4 Nonhyeon-dong, Gangnam-gu, Seoul'),
('ST006', 'Ega Kim', 'Male', '2002-5-6', 5200000, '083695134879', '46-3 Nonhyeon-ro 159-gil, Gangnam-gu, Seoul'),
('ST007', 'Muthia Swift', 'Female', '1998-7-1', 5000000, '084561937258', '25 Nonhyeon-ro 175-gil, Gangnam-gu, Seoul'),
('ST008', 'Johnny Lucas', 'Male', '1999-8-6', 4800000, '081237894564', '551-20 Sinsa-dong, Gangnam-gu, Seoul'),
('ST009', 'Sejun Haikal', 'Male', '1999-6-17', 5200000, '084561237896', '40 Sinbanpo-ro 43-gil, Seocho-gu, Seoul'),
('ST010', 'Rover', 'Male', '1998-8-28', 4500000, '084561245896', '41-12 Jamwon-dong, Seocho-gu, Seoul'),
('ST011', 'Mahen Park', 'Male', '1997-12-28', 4500000, '084561289896', '48-20 Jamwon-dong, Seocho-gu, Seoul'),
('ST012', 'Bella Aminah', 'Female', '1998-8-4', 520000, '085661245896', '43-18 Jamwon-dong, Seocho-gu, Seoul')

INSERT INTO MsCustomer VALUES
('CU001', 'Gama Putra', 'Male', '2003-01-01', '082112345678'),
('CU002', 'Malika Emeralda', 'Female', '2004-03-15', '081298765432'),
('CU003', 'Michael Surya', 'Male', '2005-06-30', '08445551234'),
('CU004', 'Emily Indah', 'Female', '2006-12-10', '080777777777'),
('CU005', 'Niko Lee', 'Male', '2002-09-22', '085199999999'),
('CU006', 'Jisung Kim', 'Male', '1991-07-18', '088812345678'),
('CU007', 'Rehan Salim', 'Male', '1987-04-05', '087598765432'),
('CU008', 'Nanda Dian', 'Female', '1996-11-28', '081312345678'),
('CU009', 'Fauzan John', 'Male', '1993-08-14', '086899999999'),
('CU010', 'Salsa Yuri', 'Female', '1999-05-07', '080712345678')

INSERT INTO MsSupplier VALUES
('SU001', 'Papa Distributor', '165-6 Chungung-dong, Hanam-si, Gyeonggi-do', '081234567890'),
('SU002', 'Door Distributor', '622-5 Deokpung-dong, Hanam-si, Gyeonggi-do', '082345678901'),
('SU003', 'UrHome Game', '122 Deoksan-ro 15beon-gil, Hanam-si, Drive-do', '083456789012'),
('SU004', 'Kapan Supplier', '179-7 Chungung-dong, Hanam-si, Gyeonggi-do', '084567890123'),
('SU005', 'UriJib Game', '233-1 Chungung-dong, Hanam-si, Gyeonggi-do', '085678901234'),
('SU006', 'AE Universe', '52 Seohanam-ro 470beon-gil, Hanam-si, Gyeonggi-do', '086789012345'),
('SU007', 'Yj Distributor', '398-25 Chungung-dong, Hanam-si, Gyeonggi-do', '087890123456'),
('SU008', 'Big3 Supplier', '37-32 Chungung-ro 207beon-gil, Hanam-si, Gyeonggi-do', '088901234567'),
('SU009', 'SnIPlus Distributor', '478-34 Sangsachang-dong, Drive-si, Gyeonggi-do', '089012345678'),
('SU010', 'Hybe Game', '235-1 Sangsachang-dong, Hanam-si, Gyeonggi-do', '080123456789')

INSERT INTO MsGameType VALUES
('GT001','RPG'),
('GT002','Puzzle'),
('GT003','TPS'),
('GT004','Advanture'),
('GT005','Racing'),
('GT006','MOBA'),
('GT007','Horror'),
('GT008','Fighting'),
('GT009','Multiplayer'),
('GT010','FPS')

INSERT INTO MsGame VALUES
('GA001','GT007', 'Hello Madam', 250000, '2019-06-05'),
('GA002','GT001', 'The Buider 3', 130000, '2016-03-09' ),
('GA003','GT010', 'ValoLari', 300000, '2019-06-01'),
('GA004','GT005', 'Jono Kart Deluxe', 400000, '2019-04-08'),
('GA005','GT010', 'Overtime', 275000, '2019-06-09'),
('GA006','GT007', 'Depok Village', 350000, '2019-02-05'),
('GA007','GT005', 'Gula Rush', 150000, '2018-06-11'),
('GA008','GT009', 'DiantaraKita', 280000, '2019-06-12'),
('GA009','GT008', 'Sonogong', 450000, '2018-06-13'),
('GA010','GT009', 'PunyaSaya', 280000, '2019-05-14')

INSERT INTO PurchaseHeader VALUES
('PU001', 'ST001', 'SU001', '2019-06-01'),
('PU002', 'ST002', 'SU002', '2019-06-02'),
('PU003', 'ST003', 'SU003', '2019-06-03'),
('PU004', 'ST004', 'SU004', '2019-06-04'),
('PU005', 'ST005', 'SU005', '2020-06-05'),
('PU006', 'ST006', 'SU006', '2020-06-06'),
('PU007', 'ST007', 'SU007', '2020-06-07'),
('PU008', 'ST008', 'SU008', '2020-06-08'),
('PU009', 'ST009', 'SU009', '2021-06-09'),
('PU010', 'ST010', 'SU010', '2021-06-10'),
('PU011', 'ST011', 'SU001', '2021-05-11'),
('PU012', 'ST012', 'SU002', '2022-05-12'),
('PU013', 'ST004', 'SU003', '2022-05-13'),
('PU014', 'ST012', 'SU004', '2022-03-14'),
('PU015', 'ST003', 'SU005', '2022-02-15'),
('PU016', 'ST008', 'SU006', '2022-02-16'),
('PU017', 'ST010', 'SU007', '2022-05-17'),
('PU018', 'ST012', 'SU008', '2023-03-18'),
('PU019', 'ST002', 'SU009', '2023-06-09'),
('PU020', 'ST003','SU010', '2023-06-02');

INSERT INTO PurchaseDetail VALUES
('PU001', 'GA001', 5),
('PU001', 'GA002', 10),
('PU001', 'GA003', 3),
('PU002', 'GA004', 2),
('PU002', 'GA005', 8),
('PU002', 'GA006', 3),
('PU004', 'GA007', 4),
('PU004', 'GA008', 5),
('PU004', 'GA009', 7),
('PU004', 'GA010', 3),
('PU006', 'GA001', 5),
('PU006', 'GA002', 6),
('PU007', 'GA003', 1),
('PU007', 'GA004', 10),
('PU008', 'GA005', 6),
('PU008', 'GA006', 1),
('PU009', 'GA007', 1),
('PU009', 'GA008', 2),
('PU010', 'GA009', 2),
('PU010', 'GA010', 3),
('PU011', 'GA001', 4),
('PU011', 'GA002', 6),
('PU012', 'GA003', 2),
('PU012', 'GA004', 3),
('PU013', 'GA005', 3),
('PU013', 'GA006', 2),
('PU014', 'GA007', 5),
('PU014', 'GA008', 2),
('PU015', 'GA009', 2),
('PU015', 'GA010', 3),
('PU016', 'GA001', 1),
('PU016', 'GA002', 2),
('PU017', 'GA003', 2),
('PU017', 'GA004', 2),
('PU018', 'GA005', 2),
('PU018', 'GA006', 8),
('PU019', 'GA007', 2),
('PU019', 'GA008', 7),
('PU020', 'GA009', 5),
('PU020', 'GA010', 4);

INSERT INTO SaleHeader VALUES
('SA001', 'ST001', 'CU001', '2021-02-01'),
('SA002', 'ST002', 'CU002', '2021-02-02'),
('SA003', 'ST003', 'CU003', '2021-02-15'),
('SA004', 'ST004', 'CU004', '2021-02-04'),
('SA005', 'ST005', 'CU005', '2021-02-16'),
('SA006', 'ST006', 'CU006', '2021-02-06'),
('SA007', 'ST007', 'CU007', '2022-02-02'),
('SA008', 'ST008', 'CU008', '2022-01-17'),
('SA009', 'ST009', 'CU009', '2022-02-09'),
('SA010', 'ST010', 'CU010', '2022-04-04'),
('SA011', 'ST011', 'CU001', '2022-03-11'),
('SA012', 'ST003', 'CU002', '2022-01-12'),
('SA013', 'ST009', 'CU003', '2022-04-13'),
('SA014', 'ST012', 'CU004', '2022-01-14'),
('SA015', 'ST005', 'CU005', '2022-05-26'),
('SA016', 'ST002', 'CU006', '2022-02-04'),
('SA017', 'ST007', 'CU007', '2022-01-17'),
('SA018', 'ST012', 'CU008', '2022-02-28'),
('SA019', 'ST011', 'CU009', '2022-06-11'),
('SA020', 'ST012', 'CU010', '2023-06-04')

INSERT INTO SaleDetail VALUES
('SA001', 'GA001', 5),
('SA001', 'GA002', 9),
('SA002', 'GA003', 3),
('SA002', 'GA004', 6),
('SA003', 'GA005', 5),
('SA003', 'GA006', 3),
('SA004', 'GA007', 4),
('SA004', 'GA008', 7),
('SA005', 'GA009', 6),
('SA005', 'GA010', 1),
('SA006', 'GA001', 3),
('SA006', 'GA002', 2),
('SA007', 'GA003', 5),
('SA007', 'GA004', 9),
('SA008', 'GA005', 8),
('SA008', 'GA006', 8),
('SA009', 'GA007', 7),
('SA009', 'GA008', 10),
('SA010', 'GA009', 2),
('SA010', 'GA010', 3),
('SA011', 'GA001', 2),
('SA011', 'GA002', 6),
('SA012', 'GA003', 3),
('SA012', 'GA004', 3),
('SA013', 'GA005', 4),
('SA013', 'GA006', 5),
('SA014', 'GA007', 2),
('SA014', 'GA008', 2),
('SA015', 'GA009', 3),
('SA015', 'GA010', 7),
('SA016', 'GA001', 1),
('SA016', 'GA002', 6),
('SA017', 'GA003', 4),
('SA017', 'GA004', 2),
('SA018', 'GA005', 9),
('SA018', 'GA006', 7),
('SA019', 'GA007', 5),
('SA019', 'GA008', 2),
('SA020', 'GA009', 6),
('SA020', 'GA010', 5);

